school_name,students_total,percent_suspended,percent_expelled,percent_committed_zero_tolerance,zipcode,longitude,latitude,graduation rate ,dropout_rate,number of students total,percentage of ready graduates,district_name,participation_rate,average_english_score,average_math_score,average_reading_score,average_science_score,average_composite_score,percent_scoring_21_or_higher,percent_scoring_below_19
Anderson County High School,1144.0,2.5,0.0,0.5,37716.0,-84.14656,36.099283,96.1,1.4,280,50.0,Anderson County,100,19.8,19.3999999999999,20.7,20.1,20.1,42.8,42.8
Clinton High School,1195.0,6.9,0.0,0.4,37716.0,-84.14656,36.099283,95.2,3.7,272,35.7,Anderson County,100,18.3,18,19.1,19.1,18.8,32.2,53.9
Oak Ridge High School,1578.0,8.4,0.0,0.9,37830.0,-84.27044,35.992691,92.1,6.6,304,65.5,Oak Ridge,97,23,22.2,24.2,23.2,23.3,64.3,23.9
Cascade High School,552.0,0.7,0.0,0.0,37183.0,-86.30889,35.508541,98.2,0.9,114,45.6,Bedford County,99,20.7,19.5,21.3,21.1,20.8,46.8,34.2
Shelbyville Central High School,1565.0,3.6,0.0,0.4,37160.0,-86.45974,35.47066,88.7,8.7,390,24.9,Bedford County,96,17.3,18.1,18.5,18.5,18.3,27.8,62.5
Community High School,615.0,0.3,0.0,1.3,37180.0,-86.57353,35.621614,91.4,6.2,128,31.3,Bedford County,98,18.5,17.8999999999999,19.6,19.3999999999999,19,34.7999999999999,53
Big Sandy School,280.0,0.0,0.0,0.0,38221.0,-88.04885,36.254423,0.0,0.0,20,25.0,Benton County,100,16.1,17.7,17.8999999999999,19,17.8999999999999,25,55
Camden Central High School,572.0,0.0,0.2,0.0,38320.0,-88.10137,36.050286,94.3,5.0,140,27.9,Benton County,97,18.2,18.6,19.5,19.8999999999999,19.2,28.9,53.1
Bledsoe County High School,547.0,2.9,0.0,0.2,37367.0,-85.17161,35.635097,93.3,3.3,120,32.5,Bledsoe County,96,17.7,18,18.5,18.5,18.3,29.6,57.4
Heritage High School,1566.0,3.5,0.2,1.3,37804.0,-83.93591,35.781607,92.8,3.5,346,31.5,Blount County,100,18.6,18.5,19,18.7,18.8,32.2,51.6
William Blount High School,1764.0,5.4,0.1,1.9,37801.0,-84.05015,35.709071,93.3,4.9,447,38.5,Blount County,97,19.6,19.6,20.2,19.8999999999999,19.8999999999999,41.2,46.9
Alcoa High School,712.0,7.4,0.6,2.1,37701.0,-83.97956,35.784708,98.8,0.6,172,59.3,Alcoa,100,21.1,20,21.6,20.9,21.1,53.5,32.9
Maryville High School,1234.0,7.1,0.0,0.4,37803.0,-83.98412,35.693358,94.5,2.9,420,66.0,Maryville,99,23.6,22.8,23.6,23.3,23.5,70.0999999999999,20.3
Bradley Central High School,1775.0,2.8,0.0,1.2,37311.0,-84.88723,35.146362,92.3,5.1,389,51.2,Bradley County,99,19.1,18.5,19.8999999999999,19.3,19.3,39.2999999999999,47.5
North Cleveland GOAL Academy,32.0,0.0,0.0,0.0,37312.0,-84.86489,35.219532,92.7,7.3,41,9.8,Bradley County,100,13.7,15.4,14.5,15.1,14.8,7.9,92.1
Walker Valley High School,1529.0,2.4,0.0,0.4,37312.0,-84.86489,35.219532,95.8,3.4,380,61.3,Bradley County,100,21.6,20.9,22.4,21.3,21.7,57.4,30.5
Bradley County Virtual School,89.0,0.0,0.0,0.0,37311.0,-84.88723,35.146362,87.5,12.5,16,50.0,Bradley County,100,19.1,18.1,21.4,19.6,19.7,57.1,42.9
Cleveland High,1824.0,4.8,0.0,0.5,37312.0,-84.86489,35.219532,90.0,5.6,409,43.3,Cleveland,96,19.8999999999999,19.6,21.3,20.7,20.5,45.5,42.9
Campbell County Comprehensive High School,1415.0,8.1,0.0,0.1,37757.0,-84.17277,36.326509,91.1,0.9,316,30.1,Campbell County,100,17.8,17.6,19.2,18,18.3,29.6,55.4
Jellico High School,321.0,5.3,0.0,0.0,37762.0,-84.13698,36.578257,92.2,3.3,90,21.1,Campbell County,100,16.8,16.8,18.3999999999999,17.3999999999999,17.5,20.5,61.4
Cannon County High School,597.0,1.5,0.0,0.0,37190.0,-86.05538,35.813335,91.0,4.9,144,36.1,Cannon County,95,17.5,18.1,19,19.3,18.7,31.2,52
Central High School,353.0,0.0,0.0,0.0,38317.0,-88.25144,36.038551,97.7,2.3,44,31.8,Hollow Rock - Bruceton,98,18.5,18.3999999999999,18.7,19,18.8,31,52.4
Huntingdon High School,407.0,0.0,0.0,0.0,38344.0,-88.41385,35.995802,0.0,0.0,78,48.7,Huntingdon Special School District,100,20.5,20.1,21,20.8,20.7,48.7,37.2
McKenzie High School,368.0,0.0,0.0,0.0,38201.0,-88.52246,36.133065,97.3,2.7,112,57.1,McKenzie,100,20.3,19.5,21,20.6,20.5,47.7,40.4
Clarksburg School,346.0,1.2,0.0,0.3,38324.0,-88.39343,35.867454,0.0,0.0,17,76.5,South Carroll,100,20.6,19.3,19.8,21.4,20.3999999999999,47.1,35.2999999999999
West Carroll Junior/Senior High School,467.0,1.1,0.2,0.0,38220.0,-88.66966,35.98269,91.5,7.0,71,35.2,West Carroll Sp Dist,100,20.1,18.3,19.6,19.2,19.5,36.9,46.2
Cloudland High School,295.0,2.0,0.0,0.0,37687.0,-82.0975,36.192236,83.7,6.1,49,32.7,Carter County,100,18.5,19.1,19.3999999999999,19.3,19.2,39,46.3
Hampton High School,435.0,0.0,0.2,0.7,37658.0,-82.17558,36.269157,90.0,10.0,110,27.3,Carter County,100,16.8999999999999,17.8999999999999,18.6,18.5,18.1,25.3,59.6
Happy Valley High School,543.0,0.0,0.0,0.0,37643.0,-82.18843,36.355251,87.3,5.9,118,28.0,Carter County,96,18,17.3999999999999,18.7,18.3,18.3,30.3,52.5
Unaka High School,378.0,0.0,0.0,0.0,37643.0,-82.18843,36.355251,92.2,3.3,90,32.2,Carter County,100,17.6,17.7,19,18.5,18.3999999999999,33.7,53
Elizabethton High School,872.0,3.0,0.0,0.2,37643.0,-82.18843,36.355251,88.9,1.5,198,46.5,Elizabethton,99,20.7,19.8999999999999,21.8,20,20.8,50.3,35.4
Cheatham Co Central,660.0,5.9,0.0,0.2,37015.0,-87.06949,36.299293,91.2,5.4,147,29.3,Cheatham County,97,18.1,18.5,19.2,18.8,18.8,32.2999999999999,55.4
Harpeth High School,546.0,4.4,0.0,0.2,37082.0,-87.1106,36.084917,94.0,5.2,134,44.0,Cheatham County,98,19.6,19.3999999999999,21.5,20.3999999999999,20.3999999999999,45.5,39.7999999999999
Sycamore High School,789.0,3.8,0.1,1.6,37146.0,-87.0285,36.393153,91.8,4.4,159,37.1,Cheatham County,98,19,18.8999999999999,20,19.8,19.6,38.5,43.4
Chester County High School,859.0,4.1,0.1,0.2,38340.0,-88.66118,35.414454,95.9,2.3,219,48.4,Chester County,95,20.1,19.7,20.3,20.1,20.2,38.2,39.7
Cumberland Gap High School,579.0,3.6,0.0,0.0,37724.0,-83.67499,36.566416,95.2,2.4,126,28.6,Claiborne County,94,18.5,19.2,19.3,19.5,19.3,31.9,48.7
Claiborne High School,798.0,3.4,0.0,0.4,37825.0,-83.65241,36.417235,90.7,3.1,161,28.0,Claiborne County,94,17.8,18,19,18.6,18.5,28.5,57.7
Clay County High School,331.0,0.0,0.0,0.0,38551.0,-85.48904,36.547412,97.8,1.1,89,60.7,Clay County,89,19,18.5,18.5,19.3,18.8999999999999,32.5,51.9
Cocke Co High School,1241.0,0.8,0.0,0.2,37821.0,-83.20116,35.963276,92.6,5.6,284,28.9,Cocke County,99,17.3999999999999,18.2,19.1,18.5,18.3999999999999,29.5,55.9
Cosby High School,378.0,1.1,0.0,0.0,37722.0,-83.24441,35.820011,91.8,2.0,98,29.6,Cocke County,100,17.8,18,19.3999999999999,18.7,18.6,31.1,57.8
Coffee County Central High School,1290.0,0.2,0.0,0.2,37355.0,-86.08414,35.500068,92.5,6.6,424,34.9,Coffee County,98,18.8999999999999,18.8,20,19.5,19.3999999999999,37.2999999999999,48.3
Tullahoma High School,1112.0,5.2,0.1,0.6,37388.0,-86.21484,35.357522,90.8,6.0,251,39.4,Tullahoma,98,19.8,20.1,20.5,20.3999999999999,20.3999999999999,43.3,43.3
Crockett County High School,914.0,0.0,0.0,0.0,38001.0,-89.14016,35.796157,96.4,2.3,220,36.4,Crockett County,100,18.1,18.2,19.7,18.5,18.8,32.7,54.5
Cumberland County High School,1051.0,0.1,0.0,0.0,38555.0,-85.05926,35.929314,94.8,4.8,210,45.7,Cumberland County,100,20.3999999999999,19.8,21.3,20.5,20.7,47.2,37.7
Stone Memorial High School,1073.0,2.5,0.0,0.7,38571.0,-85.094842,36.04347,92.1,5.7,229,43.7,Cumberland County,100,20.3,20.2,21.7,21,20.9,47.4,34.6
The Phoenix School,113.0,4.4,0.0,0.9,38555.0,-85.05926,35.929314,78.5,15.4,65,6.2,Cumberland County,100,14.9,16,15.6,15.4,15.5,5.9,90.2
MNPS Virtual School,119.0,0.0,0.0,0.0,37209.0,-86.8559,36.151324,77.8,16.7,18,44.4,Davidson County,86,19.6,18.6,22,20.1,20.2,58.3,41.7
Antioch High School,2467.0,21.7,0.6,1.3,37013.0,-86.64782,36.055115,72.8,13.1,497,17.1,Davidson County,97,16.1,16.7,17.3999999999999,17,17,16.8,68.9
Nashville Big Picture High School,169.0,3.0,0.0,0.0,37209.0,-86.8559,36.151324,0.0,0.0,26,38.5,Davidson County,100,21.3,18.6,20.8,20.7,20.5,38.5,53.8
Cane Ridge High School,2277.0,8.3,0.5,1.1,37013.0,-86.64782,36.055115,84.5,11.7,427,20.8,Davidson County,99,16,16.8999999999999,17.2,16.7,16.8,18.7,71.5
East Nashville Magnet High School,741.0,18.1,0.1,0.5,37206.0,-86.74176,36.180806,0.0,0.0,141,27.0,Davidson County,100,17.6,17.8,19.2,18.6,18.5,25,55
Glencliff High School,1607.0,13.7,1.0,1.1,37211.0,-86.72584,36.079259,74.7,18.8,308,11.0,Davidson County,99,14.5,16.2,16.1,16.3,15.9,10.5,83.8
Hillsboro High,1380.0,9.8,0.8,0.4,37215.0,-86.82522,36.098408,92.1,5.1,277,43.7,Davidson County,99,19.6,18.7,20.9,19.7,19.8999999999999,41.1,43.9
Hillwood High,1311.0,7.2,0.1,2.2,37205.0,-86.86207,36.113558,83.3,12.9,287,34.1,Davidson County,98,18.3999999999999,18.2,19.6,18.8999999999999,18.8999999999999,33.6,52.8
Hume - Fogg High,928.0,1.5,0.0,0.2,37203.0,-86.78927,36.152607,0.0,0.0,208,0.0,Davidson County,100,29,26.6,29.3,27.2,28.2,0,0
Hunters Lane High,1696.0,11.3,0.6,1.1,37207.0,-86.77317,36.215535,82.1,14.4,396,13.1,Davidson County,100,15,16.1,16.2,16.2,16,10.1999999999999,83.6
John Overton High,2456.0,4.5,1.4,1.1,37220.0,-86.77266,36.069659,88.3,8.2,463,29.4,Davidson County,99,17.3999999999999,17.8,18.3999999999999,18.3,18.1,28.3,61.8
Middle College High,209.0,1.4,0.0,0.0,37209.0,-86.8559,36.151324,95.8,4.2,24,79.2,Davidson County,100,23.8,22.1,23.7,22.5,23.3,73.9,21.7
Cora Howe School,105.0,8.6,0.0,2.9,37206.0,-86.74176,36.180806,20.0,26.7,15,6.7,Davidson County,0,0,0,0,0,0,0,0
Maplewood High,1043.0,18.8,1.4,1.0,37216.0,-86.72594,36.213004,77.2,16.1,224,0.0,Davidson County,98,13.6,15.6,15.3,15.6,15.2,5.3,87.6
Martin Luther King Jr School,1323.0,2.1,0.0,0.5,37203.0,-86.78927,36.152607,0.0,0.4,237,93.7,Davidson County,100,26.5,25,26.6,25,26,0,0
McGavock High,2767.0,13.9,0.7,0.8,37214.0,-86.66869,36.166956,80.4,13.5,525,30.5,Davidson County,99,17.3,17.3,18.3,18.2,17.8999999999999,26.7,59.1
Nashville School Of The Arts,640.0,1.6,0.2,0.9,37210.0,-86.74437,36.140857,96.4,2.7,110,57.3,Davidson County,100,22.7,18.7,24.2,20.7,21.8,55.7,23.6
Pearl-Cohn High,818.0,16.9,1.1,1.3,37208.0,-86.80252,36.174806,64.0,28.0,161,6.8,Davidson County,97,13.6,15.7,15.1,15.7,15.2,0,0
The Academy at Opry Mills,123.0,0.0,0.0,0.0,37214.0,-86.66869,36.166956,69.3,4.0,101,13.9,Davidson County,96,16.1,16.8,17.3999999999999,17.3999999999999,17,19.3999999999999,74.5999999999999
The Academy at Old Cockrill,171.0,2.9,0.0,0.6,37209.0,-86.8559,36.151324,66.9,19.7,127,12.6,Davidson County,95,15.7,16.8,17.6,16.8,16.8,19.8,74.0999999999999
Stratford STEM Magnet School,1261.0,21.8,0.6,0.7,37216.0,-86.72594,36.213004,85.5,11.3,186,21.5,Davidson County,97,16.1,16.7,17.3,17.1,16.8999999999999,18.8,70.8
Whites Creek High,734.0,17.3,0.8,2.0,37189.0,-86.82052,36.27062,76.8,14.4,181,14.4,Davidson County,100,14.2,15.6,16,15.4,15.4,6.5,82.7
The Academy at Hickory Hollow,201.0,0.0,0.0,0.0,37013.0,-86.64782,36.055115,83.8,7.8,167,7.2,Davidson County,97,14.2,15.8,15.7,15.7,15.5,8.8,83.8
Lead Academy,531.0,8.3,0.0,1.1,37210.0,-86.74437,36.140857,88.4,9.3,86,48.8,Davidson County,100,17.8999999999999,18.3999999999999,19.5,19,18.8999999999999,26.3,55.3
KIPP Nashville Collegiate High School,491.0,18.5,0.4,0.4,37207.0,-86.77317,36.215535,83.9,7.1,56,66.1,Davidson County,100,21.6,20.6,20.9,20.6,21.1,57.4,27.7
Knowledge Academies High School,309.0,4.9,0.0,0.3,37013.0,-86.64782,36.055115,90.3,2.8,72,22.2,Davidson County,100,17.5,17.2,18,18.6,17.8999999999999,21.5,63.1
STEM Prep High School,551.0,2.4,0.0,1.1,37210.0,-86.74437,36.140857,93.1,1.0,101,52.5,Davidson County,100,19.3,19.8,19.5,20.2,19.8999999999999,43.6,38.2999999999999
RePublic High School,810.0,10.4,0.1,0.9,37207.0,-86.77317,36.215535,91.3,3.1,127,44.9,Davidson County,100,20.7,19.2,20.8,20,20.3,43.1,34.5
Riverside High School,523.0,0.0,0.0,0.0,38329.0,-88.12345,35.546839,93.2,5.1,118,43.2,Decatur County,100,19.3,18.2,20.7,19.8,19.6,40,40
De Kalb County High School,897.0,4.7,0.0,0.3,37166.0,-85.80108,35.922583,94.4,3.0,197,41.6,DeKalb County,99,18.3,18,19.3,19.3,18.8999999999999,33.7,52.2
Creek Wood High School,976.0,0.8,0.0,0.0,37036.0,-87.29179,36.225389,93.3,2.7,223,42.6,Dickson County,100,18.5,18.2,19.5,19.5,19,36.7,48.8
Dickson County High School,1554.0,1.9,0.0,0.1,37055.0,-87.40831,36.065779,95.0,2.7,377,39.8,Dickson County,99,20.2,19.1,20.6,20.3999999999999,20.2,41.9,41.9
Dyer County High School,1182.0,0.0,0.3,0.1,38059.0,-89.25419,36.114872,96.7,1.5,275,49.5,Dyer County,99,20.9,19.8999999999999,21,20.3999999999999,20.7,45.1,37.5
Dyersburg High School,723.0,2.4,0.0,0.8,38024.0,-89.38613,36.038042,90.0,5.8,190,52.6,Dyersburg,99,20.6,20.6,20.7,20.5,20.8,46.7,43.2
Fayette Ware Comprehensive High School,887.0,8.1,0.0,0.6,38068.0,-89.32907,35.275036,91.0,4.7,212,20.3,Fayette County Public Schools,95,16.3999999999999,16.6,17.8,17.5,17.2,18.5,72.3
Clarkrange High School,296.0,0.0,0.0,0.0,38553.0,-85.00757,36.209271,95.9,1.4,74,43.2,Fentress County,99,19.5,19.3,19.8,20.5,20,45.7,34.2999999999999
Franklin Co High School,1364.0,1.9,0.0,0.0,37398.0,-86.14045,35.192829,88.1,7.6,303,33.3,Franklin County,97,19.3,18.3999999999999,20.3,19.6,19.6,36.9,49.6
Huntland School,784.0,1.9,0.0,0.3,37345.0,-86.27141,35.052678,98.6,1.4,71,33.8,Franklin County,96,18.3,18.8,19.2,18.8999999999999,19,35.7999999999999,49.3
Humboldt Junior/Senior High School,496.0,6.0,0.0,0.0,38343.0,-88.90218,35.825299,84.9,9.4,53,15.1,Humboldt City Schools,98,16.7,17.1,17.7,17.3,17.3999999999999,18.2,65.9
Milan High School,637.0,0.0,0.0,0.2,38358.0,-88.76628,35.916722,97.9,0.7,146,56.2,Milan,99,19.3999999999999,19.8999999999999,20.3999999999999,20.3,20.2,43.3,39.7
Peabody High School,395.0,1.5,0.3,0.0,38382.0,-88.95035,35.973431,95.5,2.7,110,32.7,Trenton,97,19.5,17.5,19.3,18.1,18.8,32.4,52.9
Bradford High School,273.0,0.7,0.0,0.0,38316.0,-88.81209,36.067294,0.0,0.0,38,60.5,Bradford,97,21.1,22.2,22.4,20.6,21.8,62.2,29.7
Gibson County High School,509.0,0.0,0.0,0.0,38330.0,-89.01767,36.073575,90.5,4.3,116,50.9,Gibson Co Sp Dist,100,20.3999999999999,19.7,20.6,20.5,20.3999999999999,45.7,37.1
South Gibson County High School,778.0,0.4,0.0,0.6,38355.0,-88.77185,35.795399,93.7,3.4,174,60.3,Gibson Co Sp Dist,100,21.6,21.2,22.3,21.3,21.8,58.9,27.6
Giles Co High School,783.0,10.9,0.1,0.5,38478.0,-87.01246,35.204983,92.6,6.3,189,26.5,Giles County,95,18.3,18.1,18.3999999999999,18.2,18.3999999999999,25.7,53.9
Richland School,689.0,1.0,0.0,0.9,38472.0,-87.04478,35.376463,93.3,5.6,90,47.8,Giles County,100,19.6,19.3,21.3,20.2,20.3,47.6,42.9
Grainger High School,943.0,0.0,0.0,0.0,37861.0,-83.51516,36.243526,95.8,1.9,213,33.8,Grainger County,100,17.8999999999999,17.8,19.2,18.6,18.5,29.6,54.2
Washburn School,519.0,0.0,0.0,0.0,37888.0,-83.60658,36.310299,0.0,0.0,42,19.0,Grainger County,95,15,16.7,16.8999999999999,17,16.6,15,77.5
Grainger Academy,18.0,0.0,0.0,0.0,37861.0,-83.51516,36.243526,94.7,5.3,19,0.0,Grainger County,61,10.5,14.5,13,13.4,12.9,0,0
Chuckey Doak High School,597.0,1.0,0.0,0.3,37616.0,-82.74704,36.218863,93.3,2.5,163,35.6,Greene County,100,18.5,18.5,19.3999999999999,19,19,34.9,48.7
North Greene High School,394.0,3.0,0.0,2.8,37745.0,-82.81406,36.229928,93.6,0.0,94,39.4,Greene County,100,18.1,18.3,19,18.5,18.6,29.5,51.1
South Greene High School,567.0,4.2,0.0,0.9,37743.0,-82.85446,36.102325,0.0,0.0,110,42.7,Greene County,100,19.8999999999999,19.2,20.2,20.1,20,42.2,43.1
West Greene High School,638.0,2.2,0.0,0.6,37818.0,-82.96185,36.190417,88.5,3.8,156,36.5,Greene County,99,18.2,16.8999999999999,18.6,18.5,18.2,21.2,59.9
Greeneville High School,946.0,3.6,0.0,0.3,37745.0,-82.81406,36.229928,97.4,0.9,230,61.7,Greeneville,100,21,21.8,22.6,21.5,21.9,61.2,27.2
Grundy County High School,669.0,0.1,0.0,0.0,37313.0,-85.70288,35.361678,90.6,4.1,171,19.3,Grundy County,99,16,16.5,17.3,17.6,16.8999999999999,16.3,71.9
Morristown East High,1660.0,1.9,0.1,0.2,37813.0,-83.27474,36.186008,93.9,3.3,363,40.8,Hamblen County,100,18.8999999999999,19.8999999999999,19.8,19.1,19.6,40.2999999999999,47.4
Morristown West High,1555.0,1.0,0.5,0.4,37813.0,-83.27474,36.186008,94.8,4.0,420,52.1,Hamblen County,97,19.8,20.1,21,20.2,20.5,48.1,38.2
Brainerd High School,733.0,25.0,3.8,6.4,37411.0,-85.2333,35.023824,69.3,17.8,163,0.0,Hamilton County,97,13,15.7,14.9,15.5,14.9,0,0
Chatt High Center For Creative Arts,635.0,0.8,0.0,0.0,37405.0,-85.31903,35.081323,0.0,0.0,81,86.4,Hamilton County,100,27.1,23.4,27.5,24.9,25.9,0,0
Chattanooga School For Arts And Sciences Upper,692.0,3.9,0.0,0.0,37403.0,-85.2988,35.046173,0.0,0.0,109,69.7,Hamilton County,100,23.7,22.7,24.1,22.8,23.5,69.7,14.7
East Hamilton School,1680.0,5.2,0.1,0.5,37363.0,-85.06005,35.087881,94.1,3.1,254,57.1,Hamilton County,100,21.4,21.1,22.3,21.8,21.8,54.8,28.5
East Ridge High School,898.0,11.2,1.3,2.2,37412.0,-85.23748,34.996674,88.8,9.3,214,18.2,Hamilton County,99,15.5,16.6,16.8999999999999,16.8999999999999,16.6,15.3,74.5999999999999
Hamilton County Collegiate High at Chattanooga State,179.0,0.0,0.0,0.0,37406.0,-85.25014,35.065723,98.2,1.8,57,0.0,Hamilton County,98,26.9,25.3,27.1,25.6,26.3,0,0
Hixson High School,964.0,5.9,0.4,1.0,37343.0,-85.21158,35.167987,85.8,9.7,226,27.9,Hamilton County,98,17.6,18.1,19.2,18.7,18.6,32.1,57.4
The Howard School,1216.0,7.7,0.9,1.6,37408.0,-85.31004,35.030907,63.1,22.1,290,0.0,Hamilton County,97,13.1,15.6,14.8,15,14.8,5.09999999999999,88.1
Ooltewah High School,1599.0,2.6,0.6,1.1,37363.0,-85.06005,35.087881,88.1,6.7,371,34.2,Hamilton County,98,18.8,18.6,20.7,19.8,19.6,37.4,44.5
Lookout Valley Middle / High School,363.0,7.2,0.0,0.8,37419.0,-85.37276,35.031674,0.0,0.0,39,43.6,Hamilton County,100,19.3999999999999,18.6,20.3,19.7,19.6,43.6,46.2
Red Bank High School,834.0,6.8,0.2,1.1,37415.0,-85.28466,35.116285,85.7,11.3,203,28.6,Hamilton County,98,17.6,18.1,19.3999999999999,19,18.7,29.8,56.1
Sale Creek Middle / High School,579.0,5.9,0.0,0.0,37373.0,-85.10329,35.391643,93.2,5.7,88,37.5,Hamilton County,99,18.6,19.3,20.7,20.3,19.8999999999999,38.2999999999999,37
Sequoyah High School,271.0,10.3,0.7,1.1,37379.0,-85.16227,35.269694,90.5,7.4,95,6.3,Hamilton County,99,14.8,15.7,16.3999999999999,15.8,15.8,7.1,82.4
Signal Mountain Middle/High School,1322.0,1.2,0.1,0.2,37377.0,-85.33332,35.159778,95.9,1.4,147,78.2,Hamilton County,100,26.1,23.4,26.2,24.8,25.3,81.5999999999999,10.6
Soddy Daisy High School,1212.0,4.9,0.2,0.6,37379.0,-85.16227,35.269694,91.1,5.8,291,48.8,Hamilton County,100,20,20.9,22.2,21.1,21.2,50.6,32.7999999999999
Tyner Academy,564.0,17.4,1.4,2.7,37421.0,-85.15939,35.028574,89.9,9.2,119,25.2,Hamilton County,99,15.2,17.1,16.5,17.1,16.6,14.2,70.8
STEM School Chattanooga,282.0,1.1,0.7,1.8,37406.0,-85.25014,35.065723,96.7,1.7,60,66.7,Hamilton County,100,22.8,22.7,24.8,23.6,23.6,67.2,17.2
Chattanooga Girls Leadership Academy,371.0,0.0,0.0,0.0,37404.0,-85.2749,35.030474,96.4,3.6,28,60.7,Hamilton County,100,18.8999999999999,18.3999999999999,20.5,18.3999999999999,19.3,44.4,37
Hancock High School,519.0,3.9,0.2,0.0,37869.0,-83.22818,36.521297,97.4,0.0,76,25.0,Hancock County,100,17.6,16.8,18.2,17.3999999999999,17.7,23,62.2
Middleton High School,497.0,2.0,0.0,0.0,38052.0,-88.90845,35.074302,77.9,15.6,77,14.3,Hardeman County Schools,97,16.2,17.3,17.8,17.8,17.3999999999999,13.8,72.4
Hardin County High School,1068.0,0.3,0.0,0.3,38372.0,-88.18946,35.180947,95.5,4.1,267,36.3,Hardin County,98,18.3999999999999,18.3999999999999,19.5,19.2,19,36.7,51.8
Cherokee High School,1206.0,5.1,0.0,0.9,37857.0,-82.96804,36.413437,94.7,2.9,243,33.3,Hawkins County,96,18.1,18.6,18.7,18.7,18.6,33.5,54.3
Volunteer High School,1163.0,6.5,0.1,0.8,37642.0,-82.71292,36.534489,96.5,1.5,259,37.1,Hawkins County,96,19.1,18.7,20,19,19.3,35.7,50.6
Haywood High School,854.0,0.4,0.0,0.7,38012.0,-89.2609,35.590558,92.0,4.9,264,22.3,Haywood County,98,16.5,16.7,17.5,17.3,17.2,19.2,69
Lexington High School,916.0,0.0,0.0,0.0,38351.0,-88.40535,35.658409,91.0,5.5,200,43.0,Henderson County,95,19.5,20.7,20.7,20.3,20.5,43.6,38.4
Scotts Hill High School,522.0,1.3,0.0,0.0,38368.0,-88.36148,35.502859,95.3,0.8,127,54.3,Henderson County,95,20.5,21,21.8,21,21.2,53,33
Henry Co High School,1026.0,0.0,0.0,0.4,38242.0,-88.32891,36.300311,95.1,2.3,304,60.5,Henry County,100,20.1,19.8999999999999,21.5,20.6,20.7,48.4,37.4
East Hickman High School,539.0,0.0,0.0,1.9,37098.0,-87.31395,35.882639,94.2,1.7,121,38.8,Hickman County,99,18.8,18.5,19.8999999999999,19,19.2,38.9,48.7
Hickman Co Sr High School,491.0,0.0,0.0,1.6,37033.0,-87.49418,35.76714,94.6,3.1,129,27.9,Hickman County,98,17.8999999999999,17.8999999999999,19,19,18.6,29.2,55.8
Houston Co High School,424.0,0.0,0.0,0.0,37061.0,-87.68198,36.301089,91.7,5.0,121,33.1,Houston County,97,18.6,18.2,18.8999999999999,18.1,18.6,30.6,50.9
Mc Ewen High School,315.0,1.9,0.0,0.0,37101.0,-87.64489,36.069712,98.5,0.0,65,40.0,Humphreys County,98,19.8999999999999,18.3,20.3,19,19.5,41.3,47.6
Waverly Central High School,605.0,4.0,0.0,0.0,37185.0,-87.81626,36.085376,95.8,1.7,118,50.8,Humphreys County,100,21.1,19.6,22.6,21,21.2,52.2,31.9
Jackson County High School,455.0,0.0,0.0,0.0,38562.0,-85.65757,36.351803,95.5,3.6,110,32.7,Jackson County,100,18.1,18,19.3,19,18.7,27.6,53.3
Jefferson Co High School,2330.0,2.4,0.2,0.3,37725.0,-83.39791,35.996454,95.8,2.2,495,48.5,Jefferson County,97,19.5,19.8999999999999,20.3999999999999,20.2,20.1,46.9,40.4
Johnson Co High School,637.0,0.0,0.0,0.0,37683.0,-81.81906,36.451041,96.3,1.5,134,26.1,Johnson County,95,17.6,17.8999999999999,19,18.3,18.3999999999999,28.5,58.5
Austin East High/Magnet,846.0,23.2,0.0,0.1,37914.0,-83.84981,35.988528,81.1,7.7,169,18.3,Knox County,96,15,16.5,16.5,16.5,16.3,12.1,82.6
Bearden High School,2187.0,4.5,0.0,0.3,37919.0,-84.00384,35.922881,97.1,2.7,478,63.2,Knox County,98,23.2,22.1,23.5,23,23.1,64.3,22.8
Carter High School,944.0,9.7,0.0,0.7,37871.0,-83.67934,36.04051,93.8,3.1,193,34.2,Knox County,100,18.2,18.3,19.2,19,18.8,32,54.1
South Doyle High School,1187.0,9.9,0.0,0.0,37920.0,-83.89042,35.923517,82.0,7.8,256,29.7,Knox County,98,17.8999999999999,18,19.3999999999999,19.1,18.7,29.3,55.1
Farragut High School,1990.0,2.2,0.0,0.4,37922.0,-84.12608,35.875925,97.1,1.1,456,74.6,Knox County,93,24.6,23.5,25.4,24,24.5,77.8,12.1
Fulton High School,1085.0,7.0,0.0,0.6,37917.0,-83.91859,35.991982,85.6,11.1,216,21.8,Knox County,97,16,16.8,17.2,17,17,20,71.7
Gibbs High School,1086.0,5.9,0.0,0.8,37721.0,-83.8066,36.141925,93.8,4.0,224,43.3,Knox County,100,19.6,19,20.3,19.8999999999999,19.8,39,43.3
Halls High School,1358.0,5.7,0.0,0.5,37938.0,-83.93785,36.113552,93.4,3.7,273,58.6,Knox County,96,21.3,20.7,22.6,21.7,21.8,58.9,30.5
Hardin Valley Academy,2178.0,4.0,0.0,1.0,37932.0,-84.17255,35.919695,93.9,2.0,493,61.3,Knox County,99,22.2,21.4,23.6,22.7,22.6,64.0999999999999,21.9
Karns High School,1570.0,7.8,0.0,0.5,37931.0,-84.1182,35.976063,92.3,5.4,298,40.9,Knox County,99,19.8,19.1,20.2,19.8999999999999,19.8999999999999,41.5,45.2
Knox Adaptive Education Center,102.0,21.6,0.0,1.0,37919.0,-84.00384,35.922881,18.8,25.0,16,0.0,Knox County,0,0,0,0,0,0,0,0
Powell High School,1425.0,6.9,0.0,0.1,37849.0,-84.04192,36.044507,94.6,3.8,317,40.7,Knox County,93,19.2,19.2,20.5,19.7,19.8,40.5,44.4
West High School,1597.0,5.8,0.0,0.4,37919.0,-84.00384,35.922881,90.1,5.3,322,48.1,Knox County,95,22.2,20.7,23.6,21.8,22.1,54.3,33
Dr. Paul L. Kelley Volunteer Academy,188.0,5.3,0.0,0.5,37917.0,-83.91859,35.991982,72.0,13.5,200,11.5,Knox County,88,14.8,15.6,15.7,15.7,15.6,11.8,81.9
L N STEM Academy,598.0,2.0,0.0,0.0,37902.0,-83.91964,35.964032,0.0,0.0,130,83.1,Knox County,98,26.2,23.3,27.5,25.2,25.7,83.6,7.8
Career Magnet Academy,274.0,4.4,0.0,0.0,37914.0,-83.84981,35.988528,0.0,0.0,64,76.6,Knox County,100,21.4,19.8999999999999,22.6,21.6,21.5,59.4,21.9
Lake Co High School,217.0,3.7,0.0,0.5,38079.0,-89.50472,36.513386,93.5,6.5,46,37.0,Lake County,98,19,17.5,19.3999999999999,18,18.7,33.2999999999999,54.8
Ripley High School,800.0,8.2,0.0,1.1,38063.0,-89.86859,35.637993,97.1,1.1,175,32.6,Lauderdale County,100,15.9,16.7,17.3999999999999,17.5,17,17.1,69.4
Lawrence Co High School,1149.0,0.4,0.0,0.2,38464.0,-87.37522,35.259613,96.6,1.7,293,45.1,Lawrence County,95,19.3,18.8999999999999,19.8,20,19.7,37.4,43
Loretto High School,499.0,1.0,0.0,0.0,38469.0,-87.41974,35.071804,97.8,0.7,137,43.1,Lawrence County,99,19.3,18.6,19.8999999999999,19.5,19.5,35.6,45.5
Summertown High School,717.0,1.5,0.0,2.5,38483.0,-87.33748,35.43506,98.4,1.6,125,28.8,Lawrence County,99,18,17.7,18.7,18.6,18.3999999999999,28.7,59
Lewis Co High School,529.0,4.5,0.0,0.2,38462.0,-87.54905,35.535397,95.6,4.4,114,34.2,Lewis County,97,18.7,17.7,20.1,19.3,19.1,34,48.1
Lincoln County High School,1258.0,1.7,0.0,0.0,37334.0,-86.57433,35.136177,92.3,4.4,272,43.4,Lincoln County,99,20.3,19.3,20.3,19.7,20.1,45.4,41.8
Fayetteville High School,413.0,6.1,0.0,0.2,37334.0,-86.57433,35.136177,93.8,2.5,81,43.2,Fayetteville,100,20.2,19.2,21.4,20.8,20.6,44.7,42.1
Greenback School,643.0,2.5,0.0,0.0,37742.0,-84.1817,35.66806,95.2,1.6,62,43.5,Loudon County,100,20.2,19.3,20.5,20.3,20.2,44.1,40.7
Loudon High School,693.0,0.1,0.0,0.9,37774.0,-84.33069,35.725969,92.9,3.6,196,37.2,Loudon County,98,19.5,19.3,19.5,19.8,19.7,39.2999999999999,45.5
Lenoir City High School,1305.0,3.1,0.1,1.3,37771.0,-84.29301,35.815524,93.0,4.8,273,44.7,Lenoir City,98,19,19.8,20.5,20,20,39.6,43.6
McMinn High School,1613.0,5.0,0.0,0.9,37303.0,-84.61975,35.441378,90.9,5.0,340,42.1,McMinn County,100,20.3,19.3,21.2,20.1,20.3999999999999,45.1,42.2
McNairy Central High School,872.0,1.0,0.0,0.0,38375.0,-88.59327,35.165045,92.2,4.7,193,45.6,McNairy County,98,18.8,19,19.8999999999999,19.3,19.3999999999999,39.7,48.3
Macon County High School,902.0,1.1,0.1,1.7,37083.0,-86.01497,36.537994,89.5,8.4,238,51.7,Macon County,99,19.6,19.1,19.8,19.3999999999999,19.6,41,50
Red Boiling Springs School,358.0,2.2,0.0,0.0,37150.0,-85.81114,36.543183,91.9,2.7,37,24.3,Macon County,94,18.6,18.7,19.2,18.6,18.8999999999999,28.1,56.3
Jackson Central-Merry Early College High,236.0,0.0,0.0,0.0,38301.0,-88.81959,35.60758,0.0,0.0,49,91.8,Madison County,100,19.6,18.2,20.8,20,19.8,40.7999999999999,40.7999999999999
Liberty Technology Magnet High School,984.0,20.5,0.0,2.8,38305.0,-88.80653,35.693101,81.2,13.8,298,8.1,Madison County,100,14.3,15.5,15.3,15.6,15.3,5.8,86.4
Madison Academic Magnet High School,442.0,1.4,0.0,0.0,38301.0,-88.81959,35.60758,0.0,0.0,116,0.0,Madison County,100,26.6,23.2,26.7,24.6,25.5,0,0
North Side High School,1009.0,15.8,0.0,2.2,38305.0,-88.80653,35.693101,87.1,6.0,201,19.4,Madison County,100,15.8,16.3999999999999,17.1,17.3,16.8,13.1,75.4
South Side High School,1021.0,10.8,0.0,1.8,38301.0,-88.81959,35.60758,87.3,6.6,212,23.6,Madison County,100,16.3999999999999,17.5,18.2,17.3,17.5,25.4,64.3
Marion Co High School,555.0,0.0,0.0,1.3,37347.0,-85.61818,35.065007,88.0,8.3,133,51.1,Marion County,100,19.8999999999999,19.5,20.2,20.2,20.1,44.4,42.7
South Pittsburg High School,427.0,0.7,0.0,0.2,37380.0,-85.72513,35.045886,94.6,5.4,56,58.9,Marion County,100,19.8999999999999,20,20.3,20,20.2,45.3,35.7999999999999
Whitwell High School,395.0,0.0,0.0,0.8,37397.0,-85.49733,35.20297,88.0,8.7,92,29.3,Marion County,98,18,17.3999999999999,19,19,18.6,29.1,53.2
Richard Hardy Memorial School,302.0,0.0,0.0,0.0,37380.0,-85.72513,35.045886,90.9,4.5,22,40.9,Richard City,95,19.3,19.2,19.8999999999999,20.6,19.8999999999999,36.7999999999999,47.4
Cornersville School,463.0,3.5,0.0,0.2,37047.0,-86.8406,35.330683,98.8,1.2,84,58.3,Marshall County,100,21.3,21,22.2,22.3,21.9,59,22.9
Forrest School,789.0,2.8,0.0,1.1,37034.0,-86.6865,35.639491,93.4,3.3,121,50.4,Marshall County,100,20.5,20.7,20.5,20.8,20.8,54,34.5
Marshall Co High School,908.0,3.2,0.1,1.1,37091.0,-86.7792,35.461359,93.8,4.7,211,41.7,Marshall County,100,19.8,19,20.3,20,19.8999999999999,40.4,43.4
Columbia Central High School,1482.0,6.1,0.0,1.3,38401.0,-87.03565,35.619784,84.2,8.8,330,34.8,Maury County,100,18.8,18.8,19.6,19.1,19.2,35.7,53.1
Culleoka Unit School,1048.0,1.9,0.0,0.3,38451.0,-86.98993,35.474034,96.8,3.2,63,30.2,Maury County,100,18.5,19,18.8999999999999,18.8,18.8999999999999,27.9,54.1
Hampshire Unit School,443.0,1.6,0.0,0.0,38461.0,-87.33058,35.606697,96.2,3.8,26,69.2,Maury County,96,19.7,19.2,20.6,19.2,19.8,50,37.5
Mt Pleasant High School,444.0,5.4,0.0,0.5,38474.0,-87.22342,35.52478,81.7,9.7,93,32.3,Maury County,99,19.5,18.5,19.8,19.2,19.3999999999999,37.2999999999999,46.7
Santa Fe Unit School,566.0,3.0,0.0,0.0,38482.0,-87.1517,35.77692,91.8,8.2,49,38.8,Maury County,100,20.1,19.2,19.8999999999999,19.3999999999999,19.8,42.2,40
Spring Hill High School,1195.0,1.0,0.0,0.6,38401.0,-87.03565,35.619784,91.3,4.5,310,36.8,Maury County,99,19.6,19.7,20.8,20.1,20.2,38.4,39.9
Meigs County High School,550.0,0.0,0.0,0.7,37322.0,-84.80741,35.503723,98.4,0.0,124,60.5,Meigs County,99,20.3,19.3,21,20,20.3,46.3,43
Sweetwater High School,671.0,4.8,0.0,0.0,37874.0,-84.46613,35.598659,92.3,5.1,156,37.2,Monroe County,100,18.3999999999999,18.8,19.6,18.8999999999999,19.1,35.4,50.7
Tellico Plains High School,476.0,4.0,0.0,0.0,37385.0,-84.27728,35.345237,96.9,2.3,130,46.9,Monroe County,100,18.7,19.3,19.5,19.1,19.3,37.2999999999999,50.8
Kenwood High,1431.0,7.8,0.8,0.8,37042.0,-87.4056,36.58068,88.0,6.3,301,32.9,Montgomery County,97,16.6,17.6,18.8,18.6,18,21.4,62.3
Montgomery Central High,1059.0,4.6,0.3,0.3,37052.0,-87.4039,36.371609,94.4,2.8,250,38.8,Montgomery County,97,19.3999999999999,19,20.2,19.8,19.8,42.2,46.5
Clarksville High,1489.0,4.0,0.7,0.9,37043.0,-87.2572,36.506407,97.0,2.1,334,51.5,Montgomery County,97,20.6,20.3999999999999,22.4,21.7,21.5,53.7,32.2999999999999
Northeast High,1599.0,6.7,0.6,0.9,37040.0,-87.34142,36.528448,93.2,2.7,367,37.3,Montgomery County,89,18.2,18.8999999999999,19.6,19.6,19.2,38.6,51
Northwest High,1475.0,6.4,0.7,0.9,37042.0,-87.4056,36.58068,94.2,2.4,327,38.2,Montgomery County,97,18.5,18.2,19.6,19.2,19,32.7,50.7
Rossview High,1963.0,3.1,0.4,0.4,37043.0,-87.2572,36.506407,96.9,1.0,418,57.2,Montgomery County,96,21.7,21.1,23.4,22.3,22.3,60.4,26.5
Middle College @ Austin Peay State University,118.0,1.7,0.0,0.0,37044.0,-87.353008,36.531398,0.0,0.0,63,0.0,Montgomery County,100,26.4,23.7,26.5,25.1,25.5,0,0
West Creek High,1622.0,5.1,0.7,0.9,37042.0,-87.4056,36.58068,95.5,1.2,332,30.1,Montgomery County,93,18,18.6,19.7,19.2,19,33.1,53.7
Moore County High School,463.0,0.0,0.2,0.2,37352.0,-86.35264,35.276795,95.7,1.4,70,57.1,Moore County,99,22,21.1,21.6,21.3,21.7,59.1,27.3
Coalfield School,487.0,0.0,0.0,0.0,37719.0,-84.42541,36.029022,0.0,0.0,39,33.3,Morgan County,100,16.7,17.6,17.6,17.3999999999999,17.3999999999999,20.5,64.0999999999999
Morgan County Career and Technical Center,51.0,0.0,0.0,0.0,37887.0,-84.56863,36.091018,0.0,0.0,37,0.0,Morgan County,57,14.2,15.1,14.3,14,14.6,0,0
Oakdale School,482.0,0.0,0.0,0.0,37829.0,-84.60149,35.98291,0.0,0.0,37,45.9,Morgan County,97,19.6,19,20.6,18.5,19.5,44.4,41.7
Sunbright School,504.0,0.0,0.0,0.0,37872.0,-84.66549,36.262842,0.0,0.0,39,25.6,Morgan County,100,17.2,17.8,18.3999999999999,17.6,17.8,15.4,61.5
Obion County Central High School,858.0,0.8,0.2,0.2,38260.0,-89.17888,36.358158,86.6,10.9,202,34.7,Obion County,97,19.7,19.1,19.7,19.6,19.7,40.7999999999999,42.6
South Fulton Middle / High School,370.0,6.5,0.0,0.0,38257.0,-88.87895,36.483302,89.5,10.5,38,65.8,Obion County,100,21.4,20.5,22.6,21.6,21.8,55.9,29.4
Union City High School,438.0,2.3,0.0,0.0,38261.0,-89.0727,36.426933,91.6,7.6,119,56.3,Union City,97,23.3,22.2,22.6,22.5,22.8,61.3,33
Livingston Academy,988.0,0.0,0.0,0.2,38570.0,-85.32585,36.376289,92.4,5.4,223,42.6,Overton County,97,18.3,18.6,19.2,18.3,18.7,34,49.5
Perry County High School,329.0,4.3,0.0,1.8,37096.0,-87.87486,35.61432,95.7,1.4,69,53.6,Perry County,100,16.2,16.8999999999999,18,17.7,17.3,18.2,68.2
Pickett Co High School,209.0,0.0,0.0,0.0,38549.0,-85.15007,36.572543,95.1,2.4,41,43.9,Pickett County,100,21,19.3,20.6,20.2,20.3999999999999,46.2,33.2999999999999
Copper Basin High School,331.0,0.0,0.0,0.0,37317.0,-84.3859,35.008596,98.0,2.0,50,36.0,Polk County,96,19.1,18.3999999999999,20,19.3999999999999,19.3,38.2999999999999,51.1
Polk County High School,509.0,1.4,0.0,0.0,37307.0,-84.63913,35.172376,88.5,3.1,131,37.4,Polk County,99,18.6,18.8,20.1,18.8,19.1,39.1,49.6
Cookeville High School,2376.0,2.6,0.2,0.7,38501.0,-85.52054,36.1832,88.6,8.8,546,45.1,Putnam County,96,20.1,20.8,21.8,21.1,21.1,50.3,37.7
Monterey High School,584.0,2.7,0.0,0.2,38574.0,-85.23805,36.133983,93.4,6.6,91,30.8,Putnam County,100,17.7,18.1,18.8999999999999,18.6,18.5,32.9,55.3
Upperman High School,826.0,1.8,0.0,0.1,38544.0,-85.64636,36.127733,97.3,1.1,185,35.1,Putnam County,96,18.6,18.6,20.5,19.6,19.5,34.7,48.6
Rhea County High School,1565.0,0.2,0.0,0.1,37332.0,-84.94125,35.585467,92.3,5.4,349,33.0,Rhea County,99,18.6,19,19.6,19.3999999999999,19.3,35.5,49.4
Harriman High School,378.0,0.3,0.0,0.0,37748.0,-84.53135,35.930801,96.9,1.6,64,48.4,Roane County,98,18.6,18.8999999999999,19.5,18.7,19.1,34.4,54.1
Midway High School,246.0,0.0,0.0,0.0,37763.0,-84.50562,35.839274,0.0,0.0,64,45.3,Roane County,100,18.2,19.6,20.3999999999999,20.3,19.8,35.9,45.3
Oliver Springs High School,288.0,0.0,0.0,0.0,37840.0,-84.36685,36.045663,95.2,1.2,83,49.4,Roane County,100,20,18.7,21,20.6,20.2,43,39.2
Roane County High School,726.0,0.0,0.0,0.0,37763.0,-84.50562,35.839274,95.4,0.7,153,64.1,Roane County,100,20.5,19.8,21.7,20.8,20.9,48.6,34.2
Midtown Educational Center,54.0,0.0,0.0,0.0,37748.0,-84.53135,35.930801,61.5,38.5,39,10.3,Roane County,100,14.1,15.6,15,16,15.3,16.7,83.3
Rockwood High School,400.0,0.0,0.5,1.8,37854.0,-84.70042,35.861763,96.2,0.9,106,36.8,Roane County,100,18.3999999999999,18.1,20,18.7,19,29.4,56.9
East Robertson High School,710.0,1.3,0.0,0.0,37049.0,-86.67907,36.548569,97.9,1.0,97,36.1,Robertson County,96,18.3999999999999,18.8999999999999,19.5,19.5,19.2,37.4,45.1
Greenbrier High School,879.0,1.0,0.0,0.1,37073.0,-86.81023,36.427758,99.0,0.5,205,40.0,Robertson County,95,19,19.5,19.8,19.8999999999999,19.7,40.9,48.7
Jo Byrns High School,608.0,2.8,0.0,0.8,37032.0,-87.02542,36.522355,97.4,1.3,77,36.4,Robertson County,95,18.6,19.1,20.1,19.5,19.5,35.2,50.7
Springfield High School,1272.0,5.0,0.0,0.3,37172.0,-86.86892,36.513979,94.6,1.7,240,25.0,Robertson County,97,17.3999999999999,18,18.3999999999999,18.6,18.3,26.8,57.7
White House Heritage High School,1028.0,0.9,0.0,0.4,37188.0,-86.66941,36.467624,95.5,3.0,132,48.5,Robertson County,94,20.8,20.3999999999999,21.9,21.3,21.3,53.4,33.1
Robertson Co. Virtual School,74.0,0.0,0.0,0.0,37172.0,-86.86892,36.513979,0.0,0.0,11,18.2,Robertson County,0,0,0,0,0,0,0,0
Robertson County Alternative Learning Center,147.0,2.7,0.0,0.0,37172.0,-86.86892,36.513979,53.1,12.5,32,0.0,Robertson County,94,12,15.9,14.7,15.9,14.7,0,0
Blackman High School,2095.0,0.7,0.0,0.3,37128.0,-86.4455,35.813319,94.9,2.4,574,52.6,Rutherford County,99,21.3,20.1,21.7,20.9,21.2,54.6,30.2
Central Magnet School,1253.0,0.1,0.0,0.0,37130.0,-86.3648,35.860152,0.0,0.0,199,0.0,Rutherford County,99,32.6,28.9,31.5,30.2,31,0,0
Eagleville School,954.0,0.3,0.0,0.0,37060.0,-86.64441,35.73843,0.0,0.0,116,42.2,Rutherford County,100,19.6,19.3999999999999,20.2,20.3,20,41.4,39.7
Holloway High School,147.0,0.0,0.0,0.0,37130.0,-86.3648,35.860152,77.6,14.5,76,10.5,Rutherford County,90,15.7,16.7,17.1,16,16.5,13.2,77.4
Lavergne High School,2039.0,0.2,0.0,0.0,37086.0,-86.56268,36.01333,93.2,4.1,515,39.2,Rutherford County,99,17.2,17.7,18.3999999999999,18.1,18,24.6,60.5
Oakland High School,2038.0,0.8,0.0,0.1,37130.0,-86.3648,35.860152,95.7,1.6,486,48.1,Rutherford County,99,19.8,19.5,20.3999999999999,20.2,20.1,45.6,41.6
Riverdale High School,1968.0,1.2,0.0,0.2,37128.0,-86.4455,35.813319,94.3,1.8,506,45.5,Rutherford County,99,20.7,19.3,20.9,20.6,20.6,47.7,37.2999999999999
Smyrna High School,2155.0,1.3,0.0,0.2,37167.0,-86.52231,35.968513,96.9,0.7,454,35.2,Rutherford County,100,18.5,19.2,19.6,19.7,19.3999999999999,31.7,52.8
Siegel High School,1890.0,1.4,0.0,0.1,37129.0,-86.42425,35.896645,95.8,0.7,452,47.6,Rutherford County,100,20.8,20.1,21.4,20.7,20.9,49.2,36.4
Stewarts Creek High School,2116.0,1.7,0.0,0.3,37167.0,-86.52231,35.968513,98.2,1.3,543,53.0,Rutherford County,99,21.2,20.2,21.7,21.3,21.3,53.3,33.2
Scott High School,911.0,2.2,0.2,0.2,37756.0,-84.42137,36.351978,92.3,4.6,195,33.3,Scott County,99,18.3,17.8999999999999,19.3999999999999,18.3,18.6,32.4,54.7
Oneida High School,427.0,0.0,0.0,0.0,37841.0,-84.51808,36.49787,0.0,0.0,85,41.2,Oneida,95,18.3999999999999,19.1,19.8999999999999,20,19.5,42,42
Sequatchie Co High School,725.0,0.0,0.0,1.0,37327.0,-85.38755,35.399109,89.5,4.7,171,32.7,Sequatchie County,99,18.3999999999999,18.3999999999999,19.7,19.3,19.1,36.2,49.3
Gatlinburg Pittman High,625.0,0.0,0.0,1.1,37738.0,-83.47156,35.733627,0.0,0.7,141,58.2,Sevier County,98,22.9,21.7,23.9,21.8,22.8,56.9,28.5
Northview Senior Academy,560.0,0.0,0.0,0.4,37764.0,-83.61374,35.97555,96.6,1.1,179,36.9,Sevier County,99,18,18.3999999999999,19.3,18.6,18.8,30.8,52.9
Pigeon Forge High School,687.0,0.0,0.0,0.0,37863.0,-83.5605,35.792313,94.3,3.1,159,39.0,Sevier County,99,18.8999999999999,18.8,19.6,19.3999999999999,19.3,37.7999999999999,52.7
Gary Hardin Academy,212.0,5.2,0.0,0.0,37876.0,-83.48694,35.860157,65.0,31.5,143,9.1,Sevier County,77,16.2,16.6,17,16.5,16.7,18.1,76.4
Sevier County High School,1250.0,0.1,0.0,0.1,37862.0,-83.59197,35.818653,93.4,2.5,242,45.0,Sevier County,97,20.3,19.8,20.6,20.3,20.3999999999999,45,41.8
Seymour High School,762.0,0.1,0.0,0.0,37865.0,-83.74476,35.853932,94.5,2.3,220,50.9,Sevier County,99,20.6,20.5,21.7,21.1,21.2,53.4,28.6
Bolton High,864.0,8.2,0.8,0.6,38002.0,-89.71198,35.272386,86.6,8.1,246,22.0,Shelby County,100,17.2,17.2,18.3,17.3999999999999,17.7,22.1,66.7
Germantown High,2165.0,4.1,0.3,0.2,38138.0,-89.80677,35.088885,98.3,0.2,518,44.0,Shelby County,100,19.8999999999999,19.7,21.2,20.3,20.3999999999999,43.3,41.5
Southwind High,1738.0,10.1,0.3,0.3,38125.0,-89.80329,35.035466,85.4,9.0,398,15.3,Shelby County,100,15,16.8999999999999,17,17,16.6,15.3,74.4
B. T. Washington High,545.0,9.5,0.9,0.2,38126.0,-90.04359,35.126469,84.8,8.9,79,7.6,Shelby County,100,13.3,15.1,15.2,14.7,14.8,0,0
Central High,1536.0,7.3,0.9,0.5,38104.0,-90.00463,35.133825,88.3,6.7,386,29.8,Shelby County,99,17.3999999999999,17.8999999999999,19.2,18.5,18.3999999999999,30.2,53.8
Cordova High School,2438.0,13.7,0.9,0.6,38016.0,-89.776835,35.177475,85.4,10.4,628,19.6,Shelby County,100,16.1,16.8999999999999,17.8,17.3,17.2,19.8,68.8
Craigmont High,861.0,9.4,1.2,2.9,38128.0,-89.92588,35.219882,76.7,13.0,253,14.2,Shelby County,100,15.2,16.2,16.3999999999999,16.1,16.1,11.3,77.3
Douglass High,715.0,9.2,1.3,0.4,38108.0,-89.96028,35.174165,83.9,12.4,137,8.0,Shelby County,98,13.5,16,15.2,15.7,15.3,5.3,92
East High,444.0,2.7,0.2,0.2,38111.0,-89.94363,35.10935,72.6,23.0,113,10.6,Shelby County,100,14,15.8,16.3999999999999,15.9,15.7,11,80.5
Hamilton High,856.0,12.5,1.9,0.7,38106.0,-90.04017,35.103019,69.4,17.1,170,6.5,Shelby County,100,13.1,15.2,14.7,14.1,14.4,0,0
Hollis F. Price Middle College,110.0,10.0,0.0,0.0,38126.0,-90.04359,35.126469,0.0,0.0,28,57.1,Shelby County,100,19.3,19.6,21.3,19.1,20.1,35.7,39.2999999999999
Kingsbury High,1513.0,8.5,0.8,0.6,38122.0,-89.92315,35.155589,70.8,24.7,401,10.2,Shelby County,99,14.1,16.2,16.1,16.2,15.8,9.9,81.9
Kirby High,1084.0,16.1,1.0,0.7,38115.0,-89.86291,35.057311,71.0,19.8,262,10.3,Shelby County,100,13.5,15.9,15.5,15.6,15.3,5.9,88.2
Manassas High,522.0,16.1,1.9,4.2,38107.0,-90.02224,35.167515,71.5,22.8,158,12.0,Shelby County,99,12.6,15.5,14.9,15.1,14.7,5.4,89.3
Melrose High,794.0,17.9,0.9,0.8,38114.0,-89.98543,35.101525,70.4,21.8,142,7.0,Shelby County,100,14.2,16.6,15.9,16.2,15.9,5,84
Mitchell High,485.0,1.4,0.2,12.2,38109.0,-90.07523,35.050286,81.8,8.8,137,16.1,Shelby County,98,14.2,16.3,15.4,15.3,15.4,6.4,86.4
Oakhaven High,429.0,10.7,1.6,0.9,38118.0,-89.92426,35.048455,83.3,13.9,72,16.7,Shelby County,100,12.6,15.5,14.8,14.8,14.6,0,0
Overton High,1350.0,6.3,0.4,1.0,38117.0,-89.90389,35.112929,76.0,19.8,308,21.1,Shelby County,100,17.8,17.3,18.6,17.7,18,24,57.9
Raleigh-Egypt High,713.0,15.6,0.6,2.1,38128.0,-89.92588,35.219882,78.3,9.6,166,12.7,Shelby County,99,14.6,16.5,16.7,16.6,16.3,8.5,81.4
Ridgeway High,1109.0,10.2,0.3,0.3,38119.0,-89.84892,35.082936,86.2,6.6,305,20.3,Shelby County,99,15.9,17,17.8999999999999,17.3,17.2,19.6,68.8
Sheffield High,735.0,12.7,0.8,0.1,38118.0,-89.92426,35.048455,64.0,29.4,211,0.0,Shelby County,96,12.2,15.1,13.8,13.7,13.9,0,0
Trezevant High,593.0,20.1,2.0,1.3,38127.0,-90.00646,35.223796,58.1,26.2,160,0.0,Shelby County,97,12.6,15,14.4,14.4,14.2,0,0
Westwood High,447.0,16.1,0.9,0.7,38109.0,-90.07523,35.050286,81.1,11.7,111,10.8,Shelby County,99,15.3,16.2,16.3999999999999,16,16.1,10.1,80.9
White Station High,2115.0,4.1,0.2,0.4,38117.0,-89.90389,35.112929,90.4,5.4,542,53.9,Shelby County,99,23,21.7,23.7,22.2,22.8,59.7,31.9
Whitehaven High,1695.0,19.9,1.0,0.9,38116.0,-90.01128,35.03319,90.1,5.8,433,21.7,Shelby County,100,16.8999999999999,17,18.2,17.3999999999999,17.6,19.7,64.5999999999999
Wooddale High,819.0,15.5,2.1,0.2,38118.0,-89.92426,35.048455,66.1,29.9,224,0.0,Shelby County,99,14,15.9,15.8,15.1,15.4,0,0
Northwest Prep Academy,207.0,6.8,1.0,1.4,38104.0,-90.00463,35.133825,45.7,37.8,127,0.0,Shelby County,100,12.1,14.9,13.7,13.5,13.7,0,0
Memphis Virtual School,164.0,0.0,0.0,0.0,38108.0,-89.96028,35.174165,47.6,36.9,84,9.5,Shelby County,83,17.2,17,19.2,17.6,17.8999999999999,21.2,60.6
KIPP Memphis Collegiate High School,500.0,16.6,1.4,0.4,38108.0,-89.96028,35.174165,86.8,13.2,76,73.7,Shelby County,100,15.9,15.8,17.1,16,16.3,13.6,80.3
City University School Of Liberal Arts,275.0,3.6,0.7,1.1,38106.0,-90.04017,35.103019,94.3,1.9,53,5.7,Shelby County,100,14.3,15.8,15.8,15.7,15.6,6,88
Memphis Academy Of Science  Engineering Middle/High,614.0,15.3,0.2,0.0,38104.0,-90.00463,35.133825,98.6,0.0,70,14.3,Shelby County,100,15.9,16.8,16.8999999999999,16.7,16.7,14.5,75.4
Power Center Academy High School,675.0,6.2,0.3,0.9,38115.0,-89.86291,35.057311,95.3,3.1,128,18.8,Shelby County,100,16.2,16.7,17.7,17.8999999999999,17.3999999999999,15.6,65.5999999999999
Memphis Academy of Health Sciences High School,483.0,23.0,0.2,0.4,38107.0,-90.02224,35.167515,90.7,9.3,108,20.4,Shelby County,99,18,15.7,16.7,17.3,17.1,9.3,72.2
Memphis Business Academy High School,513.0,4.9,0.0,0.0,38127.0,-90.00646,35.223796,93.5,3.3,92,19.6,Shelby County,100,17.5,17.3999999999999,17.8,18.1,18,20.9,59.3
Soulsville Charter School,722.0,13.4,0.6,1.1,38106.0,-90.04017,35.103019,97.2,0.0,72,15.3,Shelby County,99,17.3,17.2,18.1,17.5,17.8,15.9,63.8
Freedom Preparatory Academy,794.0,10.7,0.6,0.4,38109.0,-90.07523,35.050286,90.5,4.2,95,45.3,Shelby County,100,18.8,19.3999999999999,19.8,19,19.3999999999999,37.2,44.2
Memphis School of Excellence,586.0,10.6,0.0,0.3,38118.0,-89.92426,35.048455,97.9,2.1,47,21.3,Shelby County,100,18.1,18.3,18.8,18.1,18.5,21.7,60.9
City University School of Independence,19.0,0.0,0.0,0.0,38116.0,-90.01128,35.03319,0.0,0.0,16,18.8,Shelby County,100,18.1,18.3999999999999,19.3999999999999,18.1,18.6,18.8,56.3
The Excel Center,873.0,2.5,0.9,0.0,38106.0,-90.04017,35.103019,14.8,53.7,54,0.0,Shelby County,0,0,0,0,0,0,0,0
Arlington High,2140.0,1.5,0.0,0.4,38002.0,-89.71198,35.272386,97.3,1.8,512,63.3,Arlington,99,22.6,21.4,23.9,22.4,22.8,64.8,22.6
Bartlett High School,2872.0,6.9,0.4,0.8,38134.0,-89.86559,35.193046,98.0,0.5,605,58.0,Bartlett,100,21.5,20.5,22,21.2,21.5,53.7,30.6
Collierville High School,2860.0,1.9,0.5,0.2,38017.0,-89.67417,35.057224,95.1,1.2,647,75.6,Collierville,100,25.3,23.6,25.3,24,24.7,78.3,14.5
Houston High School,1966.0,2.4,0.0,0.3,38139.0,-89.7615,35.087468,95.4,2.1,433,82.4,Germantown,100,27,24.9,27.2,25.6,26.3,86.2,6.5
Millington Central High School,844.0,6.3,0.0,0.6,38053.0,-89.90668,35.347965,92.5,4.4,226,30.1,Millington Municipal Schools,100,17.3,18.1,19,18.6,18.3999999999999,29.8,60.1
Gordonsville High School,507.0,1.6,0.0,0.2,38563.0,-85.9832,36.182334,97.5,2.5,79,41.8,Smith County,97,18.8999999999999,18.3999999999999,21,19.3999999999999,19.6,44,41.3
Smith County High School,585.0,2.7,0.3,0.2,37030.0,-85.94893,36.264959,90.4,5.4,166,28.3,Smith County,97,18,19,19.7,19.8,19.3,31,54.5
Stewart Co High School,694.0,0.0,0.0,0.0,37058.0,-87.85877,36.477136,95.5,0.6,179,48.6,Stewart County,100,19.2,19.7,20.5,20,19.8999999999999,48.5,43.3
Sullivan Central High School,868.0,1.8,0.2,0.9,37617.0,-82.37229,36.534729,93.7,3.1,191,44.5,Sullivan County,97,20,19.6,20.9,20.7,20.5,44.8,40.7999999999999
Sullivan East High School,904.0,5.3,0.1,0.4,37618.0,-82.22998,36.469605,92.0,5.7,212,41.0,Sullivan County,98,19.5,19.5,20.6,20.1,20.1,42.9,45.5
Sullivan North High School,457.0,3.1,1.8,1.3,37660.0,-82.55408,36.547133,95.7,1.7,115,30.4,Sullivan County,98,17.5,18.3999999999999,18.7,18.7,18.5,32.4,57.4
Sullivan South High School,792.0,1.1,0.6,1.1,37664.0,-82.51162,36.522968,0.0,0.4,234,52.1,Sullivan County,99,20.5,20.3,21.6,21.3,21.1,51.1,31.9
Tennessee High School,1152.0,5.1,0.0,0.5,37620.0,-82.16869,36.561341,93.7,3.9,284,48.6,Bristol,98,20.9,20.2,21.8,21.1,21.2,51.5,32.7999999999999
Tennessee Online Public School,208.0,0.0,0.0,0.0,37620.0,-82.16869,36.561341,96.9,3.1,64,54.7,Bristol,95,22.6,19.6,22.7,20.8,21.6,59.3,18.6
Dobyns - Bennett High School,2441.0,4.5,0.0,0.8,37664.0,-82.51162,36.522968,94.1,2.8,539,59.9,Kingsport,98,21.3,21.7,22.2,21.8,21.9,56.9,31.8
Beech Sr High School,1590.0,4.8,0.0,0.3,37075.0,-86.61173,36.311047,94.1,3.1,255,46.7,Sumner County,100,20.7,19.6,22.1,20.7,21,49.2,38.7999999999999
Gallatin Senior High School,1836.0,3.0,0.0,0.0,37066.0,-86.4548,36.388997,93.3,3.5,372,33.1,Sumner County,92,18.5,19,19.3,19.2,19.1,35.7999999999999,51.9
Hendersonville High School,1606.0,2.9,0.0,0.2,37075.0,-86.61173,36.311047,95.7,2.4,372,54.6,Sumner County,99,21.9,20.7,22.8,21.3,21.9,57.1,26.3
Merrol Hyde Magnet School,693.0,0.0,0.0,0.0,37075.0,-86.61173,36.311047,0.0,0.0,57,0.0,Sumner County,100,32,27.9,31.3,29.5,30.3,0,0
Portland High School,1167.0,2.5,0.0,0.0,37148.0,-86.51355,36.576137,94.6,1.7,242,31.0,Sumner County,98,18.5,18.3999999999999,19.6,19.5,19.2,32.4,47.6
E B Wilson,130.0,0.0,0.0,0.0,37066.0,-86.4548,36.388997,94.5,5.5,55,34.5,Sumner County,100,18.7,17.8999999999999,20.9,18.3999999999999,19.1,34.6,46.2
Station Camp High School,1387.0,1.9,0.0,0.0,37066.0,-86.4548,36.388997,97.9,1.2,433,55.4,Sumner County,99,21.2,21.1,22.3,21.8,21.7,56.1,26.5
Westmoreland High School,499.0,3.2,0.0,0.0,37186.0,-86.23954,36.579247,96.5,1.8,113,46.9,Sumner County,100,20.3,19.7,21,20.1,20.3999999999999,47.7,36.7
White House High School,860.0,1.5,0.0,0.5,37188.0,-86.66941,36.467624,93.6,2.9,204,50.0,Sumner County,100,20.7,20,21.7,21.1,21,50.8,36.1
Sumner County Middle College High School,72.0,0.0,0.0,0.0,37066.0,-86.4548,36.388997,0.0,0.0,28,0.0,Sumner County,93,27.2,24.7,28.2,26.5,26.8,0,0
Brighton High School,1271.0,5.0,0.0,0.3,38011.0,-89.72344,35.474694,96.3,1.2,320,50.0,Tipton County,96,20.7,19.6,20.3999999999999,20.3,20.3,45.8,43.1
Covington High School,806.0,4.1,0.0,0.1,38019.0,-89.64201,35.560622,93.2,4.2,190,34.7,Tipton County,97,19.3,18.7,19,18.3999999999999,19,33.1,52.3
Munford High School,1263.0,1.7,0.0,0.2,38058.0,-89.80845,35.451159,97.3,0.3,298,58.4,Tipton County,96,21.7,20.7,22,21.8,21.7,59.9,25.1
Trousdale Co High School,380.0,0.8,0.3,0.3,37074.0,-86.15305,36.407653,98.9,0.0,90,60.0,Trousdale County,98,20.6,20.2,21.1,21.2,21,40.2,40.2
Unicoi Co High School,814.0,1.5,0.0,0.2,37650.0,-82.4273,36.128301,91.7,3.9,205,36.6,Unicoi County,95,19.3,19.3,20.2,19.5,19.7,39.9,46.6
Union County High School,894.0,1.6,0.3,0.2,37807.0,-83.82558,36.251265,93.0,1.5,201,19.4,Union County,99,15.8,16.8,17.2,17.2,16.8999999999999,20.5,69.2
Van Buren Co High School,433.0,0.0,0.0,0.0,38585.0,-85.41146,35.69653,96.7,3.3,60,40.0,Van Buren County,100,17.7,18.5,19.8999999999999,19,18.8999999999999,34.5,44.8
Warren County High School,1991.0,1.8,0.0,0.3,37110.0,-85.787,35.687286,90.6,6.3,459,35.1,Warren County,100,18.1,18,18.8999999999999,19,18.7,29.9,54.5
Daniel Boone High School,1346.0,0.0,0.0,0.3,37615.0,-82.44593,36.405338,96.1,3.0,335,47.8,Washington County,98,20.3,19.6,21.1,20.2,20.3999999999999,45.4,41
David Crockett High School,1216.0,0.0,0.0,0.1,37659.0,-82.49704,36.293805,92.1,5.3,342,33.6,Washington County,97,19,18.7,19.3,19.2,19.2,34.5,49
University School,613.0,0.2,0.0,0.0,37614.0,-82.36984,36.302479,0.0,0.0,63,0.0,Washington County,100,27.2,25.9,26.9,26.8,26.9,0,0
Tennessee Virtual Learning Academy,35.0,0.0,0.0,0.0,37604.0,-82.3802,36.312633,90.9,9.1,11,27.3,Washington County,0,0,0,0,0,0,0,0
Science Hill High School,2392.0,4.4,0.2,0.2,37604.0,-82.3802,36.312633,92.1,3.6,529,56.7,Johnson City,97,22.4,22.2,23.4,22.4,22.7,62.2,26.5
Collinwood High School,276.0,0.0,0.0,0.4,38450.0,-87.77263,35.187869,92.6,1.2,81,37.0,Wayne County,97,18,17.8999999999999,19.3,19.1,18.8,37,43.8
Frank Hughes School,311.0,0.0,0.3,0.0,38425.0,-87.97188,35.401188,0.0,0.0,23,13.0,Wayne County,96,16.5,16.3999999999999,17.8,16.3,17,13.6,68.2
Wayne County High School,316.0,0.0,0.0,0.3,38485.0,-87.75739,35.343716,94.4,2.8,72,40.3,Wayne County,97,17.7,17.6,18.8999999999999,18.3999999999999,18.3,27.3,54.5
Dresden High School,329.0,0.3,0.0,0.0,38225.0,-88.6869,36.305305,89.5,5.8,86,51.2,Weakley County,100,20.5,20.3999999999999,21.3,21.1,21,53.2,33.7999999999999
Gleason School,462.0,0.6,0.0,0.0,38229.0,-88.60614,36.223573,93.8,3.1,32,43.8,Weakley County,97,20.9,19.6,21.3,21.1,20.8,41.4,31
Greenfield School,509.0,2.2,0.0,0.0,38230.0,-88.76867,36.154281,94.0,2.0,50,62.0,Weakley County,96,21.6,21.6,22.4,22.4,22.1,64.4,22.2
Westview High School,558.0,0.7,0.0,0.5,38237.0,-88.84191,36.353928,82.8,9.3,151,52.3,Weakley County,100,20.3999999999999,19.3999999999999,21.4,20.9,20.7,55.2,36
White County High School,1215.0,0.2,0.1,0.2,38583.0,-85.45113,35.943026,96.8,1.1,277,46.2,White County,99,19.2,19.6,20.1,19.7,19.8,40.6,44
Brentwood High School,1763.0,0.0,0.0,0.2,37027.0,-86.79121,36.007373,97.8,0.9,450,89.6,Williamson County,100,27.9,26.4,28.3,26.4,27.5,0,0
Centennial High School,1734.0,0.0,0.0,0.9,37067.0,-86.7952,35.921811,97.2,1.4,428,60.5,Williamson County,100,22.4,21.8,23.7,22.4,22.8,60.8,27.9
Fairview High School,743.0,0.0,0.0,0.7,37062.0,-87.14128,35.976983,94.1,0.5,186,65.1,Williamson County,100,21.5,21.5,22.7,21.8,22,64,21.1
Franklin High School,1807.0,0.0,0.0,0.1,37064.0,-86.89919,35.893823,95.9,2.0,459,85.2,Williamson County,100,27.2,26.2,27.8,26.6,27.1,0,0
Fred J Page High School,1160.0,0.0,0.0,0.3,37064.0,-86.89919,35.893823,97.5,0.7,283,82.0,Williamson County,100,26,24.5,26.3,25.1,25.6,83.6,8.4
Independence High School,1928.0,0.1,0.0,0.3,37179.0,-86.90734,35.79867,94.0,4.1,415,74.2,Williamson County,100,24.6,23.5,25.1,24.2,24.5,77.4,10.8
Renaissance High School,185.0,0.0,0.0,2.2,37064.0,-86.89919,35.893823,97.7,2.3,43,76.7,Williamson County,100,26,22.6,26.4,24.3,25,78.5999999999999,9.5
Nolensville High School,1201.0,0.0,0.0,0.3,37135.0,-86.6686,35.940383,97.0,0.4,233,73.4,Williamson County,100,23.8,22.8,24.5,23.6,23.8,74.8,14.6
Ravenwood High School,1705.0,0.0,0.0,0.1,37027.0,-86.79121,36.007373,98.1,0.5,375,90.7,Williamson County,100,27.9,26.6,28,26.6,27.5,0,0
Summit High School,1687.0,0.1,0.0,0.4,37174.0,-86.91144,35.73062,96.4,2.1,338,71.9,Williamson County,100,24,22.6,24.4,23.6,23.8,74.2,15
Lebanon High School,1984.0,7.9,0.7,1.0,37087.0,-86.29271,36.240331,94.5,4.3,493,32.5,Wilson County,99,18.8,18.2,19.6,19.3,19.1,33.2999999999999,50.6
Mt. Juliet High School,2340.0,5.5,0.0,0.5,37122.0,-86.49732,36.195016,97.1,1.8,550,64.0,Wilson County,100,23,21.4,23.5,22.9,22.9,64.3,21.2
Watertown High School,583.0,7.2,0.0,0.9,37184.0,-86.13715,36.096166,95.9,2.1,145,37.9,Wilson County,98,19.3999999999999,18.8999999999999,20.1,20.3999999999999,19.8999999999999,40.4,44.9
Wilson Central High School,2101.0,4.8,0.0,0.6,37090.0,-86.31061,36.147433,96.7,1.5,457,48.4,Wilson County,100,20.2,19.6,21.1,20.9,20.6,47.5,36.1
Alvin C. York Institute,547.0,0.0,0.0,0.0,38556.0,-84.93393,36.409385,91.9,5.9,136,36.0,Alvin C York Institute,98,18.5,19.3,19.5,19.1,19.3,39.7999999999999,50.4
Tenn School For Blind,121.0,0.8,0.0,0.0,37214.0,-86.66869,36.166956,21.4,14.3,14,0.0,Tennessee School for Blind,0,0,0,0,0,0,0,0
Tennessee School for the Deaf Upper School,86.0,0.0,0.0,1.2,37920.0,-83.89042,35.923517,90.0,0.0,10,0.0,Tennessee School for the Deaf,0,0,0,0,0,0,0,0
Pathways in Education - TN,192.0,0.0,0.0,0.0,38127.0,-90.00646,35.223796,11.8,52.9,102,0.0,Achievement School District,92,13.2,15.2,14.3,15.1,14.6,9.1,90.9
Pathways in Education - Whitehaven,244.0,0.0,0.0,0.0,38116.0,-90.01128,35.03319,11.0,36.7,109,0.0,Achievement School District,0,0,0,0,0,0,0,0
Fairley High School,497.0,18.3,0.2,1.0,38109.0,-90.07523,35.050286,80.5,15.2,164,0.0,Achievement School District,73,11.3,14.5,12.9,13.5,13.2,0,0
Martin Luther King Preparatory High School,681.0,30.2,0.0,1.5,38127.0,-90.00646,35.223796,73.0,22.3,148,0.0,Achievement School District,87,14.7,15.8,15.7,15.9,15.7,6.4,81.9
Hillcrest High School,559.0,6.4,0.0,0.9,38116.0,-90.01128,35.03319,60.4,30.9,149,0.0,Achievement School District,96,14.2,15.7,16,15.4,15.5,5.8,87.2
